Unnamed: 0.1,Unnamed: 0,date,venue,match_category,team_1,team_2,team_1_runs,team_1_wickets,team_2_runs,team_2_wickets,result,pom,best_batters,best_bowlers,commentary_line,world_cup_year,host_country
0,3,2011-02-21, Ahmedabad,League-Match,AUS,ZIM,262.0,6.0,171.0,0.0,Australia won by 91 runs,Shane Watson,"['SR Watson - 79 runs ', 'MJ Clarke - 58 runs ']","['MG Johnson - 4', 'JJ Krejza - 2']",The presentation ceremony is about to begin.,2011,India
1,48,2011-04-02, Wankhede,Final,SL,IND,274.0,6.0,277.0,4.0,India won by 6 wickets (with 10 balls remaining),MS Dhoni,"['DPMD Jayawardene - 103 runs ', 'G Gambhir - 97 runs ']","['SL Malinga - 2', 'Yuvraj Singh - 2']","Now Yusuf Pathan and Raina carry Tendulkar. The whole team is behind them, with them. At the back, are the support staff: Gary Kirsten, Eric Simons and the whole lot. Zaheer takes time out to rush to them and he walks with them. Out in the front, Tendulkar is still being lifted and carried by his admiring team-mates. Sehwag puts a hand around Dhoni and Gambhir. And now finally, Tendulkar gets down to the ground. He immediately spreads the Indian flag.",2011,India
2,28,2011-03-12, Nagpur,League-Match,IND,SA,296.0,0.0,300.0,7.0,South Africa won by 3 wickets (with 2 balls remaining),Dale Steyn,"['SR Tendulkar - 111 runs ', 'V Sehwag - 73 runs ']","['DW Steyn - 5', 'Harbhajan Singh - 3']","Robin Peterson: ""I'm extremely ecstatic at the moment. To have a great game with so many great innings was such a good advert for the world cup. I've got to give Johan [Botha] credit, he put them under pressure with that cameo. We were quite calm in the changing room, but it was nice to come out on the winning side!""",2011,India
3,40,2011-03-20, Eden Gardens,League-Match,ZIM,KENYA,308.0,6.0,147.0,0.0,Zimbabwe won by 161 runs,Craig Ervine,"['CR Ervine - 66 runs ', 'V Sibanda - 61 runs ']","['RW Price - 2', 'GA Lamb - 2']","Steve Tikolo: ""We are disappointed. We wanted to put up a good performance. No meaningful partnerships. If the younger guys can take the positives that will be a good thing. I have enjoyed every moment of my career, there have been ups and downs. Lot of pride in playing for the country, each time I have walked out. Looking at coaching jobs, maybe back home, I am playing for Southern Rocks in Zimbabwe.""",2011,India
6,42,2011-03-23, Mirpur,Final,WI,PAK,112.0,0.0,113.0,0.0,Pakistan won by 10 wickets (with 175 balls remaining),Mohammad Hafeez,"['Mohammad Hafeez - 61 runs ', 'Kamran Akmal - 47 runs ']","['Shahid Afridi - 4', 'Mohammad Hafeez - 2']","'Clinical Pakistan storm into semi-final' is the headline of Andrew McGlashan's match report, and rightly so. This is among the most one-sided quarter-finals you will ever see. It was literally a 'knockout' match and West Indies are down and out.",2011,Bangladesh
12,45,2011-03-26, Colombo (RPS),Final,ENG,SL,229.0,6.0,231.0,0.0,Sri Lanka won by 10 wickets (with 63 balls remaining),Tillakaratne Dilshan,"['TM Dilshan - 108 runs ', 'WU Tharanga - 102 runs ']","['M Muralidaran - 2', 'BAW Mendis - 1']","Kumar Sangakkara ""Losing the toss it was an important we started well with the ball. Dilshan did that, then later came together with Tharanga and reminded us of Headingley [in 2006]. The guys fought hard, especially fielding first, and they kept up the pressure. It's been a fantastic crowd, hopefully they've enjoyed the cricket. Murali has pulled up a bit stiff but I'm sure he'll be fit for the next game. We can't get too far ahead of ourselves, we just have to keep our heads down.""",2011,Sri Lanka
15,43,2011-03-24, Ahmedabad,Final,AUS,IND,260.0,6.0,261.0,5.0,India won by 5 wickets (with 14 balls remaining),Yuvraj Singh,"['RT Ponting - 104 runs ', 'Yuvraj Singh - 57 runs ']","['Yuvraj Singh - 2', 'R Ashwin - 2']","After hurtling through the group stages unconvincingly, India have put up their best performance of the World Cup against the defending champions. This was by no means a flawless show, the mid-innings freeze and the mad running will have to be addressed. The pressure will be more in the semis, where Afridi's boys will be waiting. But, for the first time in the World Cup, India looked like a side that's deserving of the title.",2011,India
16,7,2011-02-25, Nagpur,League-Match,NZ,AUS,206.0,0.0,207.0,3.0,Australia won by 7 wickets (with 96 balls remaining),Mitchell Johnson,"['SR Watson - 62 runs ', 'BJ Haddin - 55 runs ']","['MG Johnson - 4', 'SW Tait - 3']","Ponting: ""Good game for us today. NZ are a very good one-day side, good win for us. We said right at the start of the tournament, if our fast bowlers bowl as well as they can, it can't matter who we play. They could have actually been better with the new ball. The fact that they took wickets early meant I did not have to fall back on Watson through the day. The top order played in a different manner to how they played against Zimbabwe. It was good to see.""",2011,India
17,38,2011-03-19, Mirpur,League-Match,SA,BAN,284.0,8.0,78.0,0.0,South Africa won by 206 runs,Lonwabo Tsotsobe,"['JH Kallis - 69 runs ', 'F du Plessis - 52 runs ']","['RJ Peterson - 4', 'LL Tsotsobe - 3']",Please do wait for the quotes from the post-match ceremony.,2011,Bangladesh
21,46,2011-03-29, Colombo (RPS),Semi-Final,NZ,SL,217.0,0.0,220.0,5.0,Sri Lanka won by 5 wickets (with 13 balls remaining),Kumar Sangakkara,"['TM Dilshan - 73 runs ', 'SB Styris - 57 runs ']","['BAW Mendis - 3', 'TG Southee - 3']","As for the big match tomorrow, there's some bad news from Mohali. There a heavy storm there right now, hope it clears before tomorrow afternoon.",2011,Sri Lanka
22,44,2011-03-25, Mirpur,Final,NZ,SA,221.0,8.0,172.0,0.0,New Zealand won by 49 runs,Jacob Oram,"['JD Ryder - 83 runs ', 'JH Kallis - 47 runs ']","['JDP Oram - 4', 'NL McCullum - 3']","Amar: ""I will credit this win to John Wright. If NZ win the Semis too, Wright will become the first coach to take two different International sides to Finals!""",2011,Bangladesh
26,6,2011-02-24, Delhi,League-Match,WI,SA,222.0,0.0,223.0,3.0,South Africa won by 7 wickets (with 43 balls remaining),AB de Villiers,"['AB de Villiers - 107 runs ', 'DM Bravo - 73 runs ']","['Imran Tahir - 4', 'DW Steyn - 3']","Graeme Smith: (clearly nurning a sore throat of sorts) ""Winning the toss was nice, we started well. Darren Bravo played really well, but we managed to peg it back in the middle. We tried to mix it up in the middle. Once you pick a wicket, you can build pressure and we managed to pick up wickets in clusters. My batting wasn't the best - I have been a little ill coming into the game, so I just wanted to bat through with AB and build a partnership. AB went faster than run a ball and paced it real well. Long time to our next game, good vibe in the group and we will take some time off.""",2011,India
28,47,2011-03-30, Mohali,Semi-Final,IND,PAK,260.0,9.0,231.0,0.0,India won by 29 runs,Sachin Tendulkar,"['SR Tendulkar - 85 runs ', 'Misbah-ul-Haq - 56 runs ']","['Wahab Riaz - 5', 'A Nehra - 2']","""This was almost like a final, whenever India and Pakistan play each other the pressure is always doubled,"" says Harbhajan, somewhat superfluously.",2011,India
30,22,2011-03-07, Delhi,League-Match,KENYA,CAN,198.0,0.0,199.0,5.0,Canada won by 5 wickets (with 27 balls remaining),Henry Osinde,"['AS Hansra - 70 runs ', 'A Bagai - 64 runs ']","['H Osinde - 4', 'Rizwan Cheema - 2']","Bagai and Davison look relieved and happy. These two have been around long enough to know how much this matters for Canada. Their World Cup trip might be full of thumping defeats at the hands of the better sides, but they have accomplished something. They won't return empty-handed.",2011,India
31,25,2011-03-10, Pallekele,League-Match,SL,ZIM,327.0,6.0,188.0,0.0,Sri Lanka won by 139 runs,Tillakaratne Dilshan,"['TM Dilshan - 144 runs ', 'WU Tharanga - 133 runs ']","['TM Dilshan - 4', 'CB Mpofu - 4']","Sanga: ""This is where I am from, and it is a magnificent ground. We adjusted our line-up for the dew, but things were ok today. The opening stand just took it away. Dilshan has that magic touch with bat, ball and on the field. Murali is a champion, and that's why he is rated the best in the world. When the tough times come, he stands up.""",2011,Sri Lanka
41,20,2011-03-06, Chennai,League-Match,ENG,SA,171.0,0.0,165.0,0.0,England won by 6 runs,Ravi Bopara,"['RS Bopara - 60 runs ', 'IJL Trott - 52 runs ']","['SCJ Broad - 4', 'Imran Tahir - 4']","South Africa, for the first half of the game, looked like certain World Cup winners but under their powerhouse top order is a soft lower order. And that word still haunts them. For this brief moment, England are sitting on top of Group B, but that's entirely because they've played so many games.",2011,India
43,23,2011-03-08, Pallekele,League-Match,NZ,PAK,302.0,7.0,192.0,0.0,New Zealand won by 110 runs,Ross Taylor,"['LRPL Taylor - 131 runs ', 'Abdul Razzaq - 62 runs ']","['TG Southee - 3', 'Umar Gul - 3']",Post-match presentation:,2011,Sri Lanka
44,17,2011-03-04, Ahmedabad,League-Match,ZIM,NZ,162.0,0.0,166.0,0.0,New Zealand won by 10 wickets (with 99 balls remaining),Martin Guptill,"['MJ Guptill - 86 runs ', 'BB McCullum - 76 runs ']","['TG Southee - 3', 'DL Vettori - 2']","Vettori: ""This is the performance we were looking for. Need to replicate it against the bigger nations. We thought long and hard about batting long. Brendon and Martin stood up and gave no one else an opportunity to bat, that was great.""",2011,India
46,5,2011-02-23, Hambantota,League-Match,PAK,KENYA,317.0,7.0,112.0,0.0,Pakistan won by 205 runs,Umar Akmal,"['Umar Akmal - 71 runs ', 'Misbah-ul-Haq - 65 runs ']","['Shahid Afridi - 5', 'TM Odoyo - 3']","Kamande: ""We gave lot of extras. May be because the guys were trying too hard ... We are not performing at both areas. Today, I thought the bowling was 70%. I didnt bowl and let down the other three bowlers. We are playing Pakistan after a long time. It's a difficult situation for us. The batting .. I don't know .. we didn't go for the score. We will try to encourage the boys it doesn;t matter, go for the score.""",2011,Sri Lanka
50,9,2011-02-26, Colombo (RPS),League-Match,PAK,SL,277.0,7.0,266.0,9.0,Pakistan won by 11 runs,Shahid Afridi,"['Misbah-ul-Haq - 83 runs ', 'Younis Khan - 72 runs ']","['Shahid Afridi - 4', 'Shoaib Akhtar - 2']","Sangakkara: ""Quite a few positives - we bowled well on a flat deck, but lost three wickets at the wrong time. We got a good start, and needed players to bat long. Unfortunately, Pakistan played very well. Younis and Misbah kept picking singles well, but we did well to drag it back to 270. We got to keep going on - it is a long tournament and lot of games to win.""",2011,Sri Lanka
4,30,2019-06-24, Southampton,League-Match,BAN,AFG,262.0,7.0,200.0,0.0,Bangladesh won by 62 runs,Shakib Al Hasan,"['Mushfiqur Rahim - 83 runs ', 'Shakib Al Hasan - 51 runs ']","['Shakib Al Hasan - 5', 'Mujeeb Ur Rahman - 3']","I think we missed something this tournament, with things like injuries. We're missing something.",2019,England
5,27,2019-06-22, Southampton,League-Match,IND,AFG,224.0,8.0,213.0,0.0,India won by 11 runs,Jasprit Bumrah,"['V Kohli - 67 runs ', 'Mohammad Nabi - 52 runs ']","['Mohammed Shami - 4', 'YS Chahal - 2']","Gulbadin Naib: ""We bowled really well, and everybody in the batting lineup was strong. We did well in the batting too, but credit goes to Bumrah for the way he bowled in the last three overs. He was superb. (On his bowling) The wicket was really good for batting during the first half. The spinners stuck to the plan, and they did really well. We had other options than Rashid and Mujeeb, but in the backend, Aftab and I also bowled well, but India is a good side, and a favourite side. The total was not that much (to chase) but in the middle, we needed some 80s and 100s, 20s and 30s aren't enough against a team like this. When chasing 220s, you need some batsmen to take responsibility and go longer. We have lost four games very badly, but last two games we have played really well. This is tough cricket against high-ranking teams, and you have to fight your best.""",2019,England
7,40,2019-07-03, Chester-le-Street,League-Match,ENG,NZ,305.0,8.0,186.0,0.0,England won by 119 runs,Jonny Bairstow,"['JM Bairstow - 106 runs ', 'JJ Roy - 60 runs ']","['MA Wood - 3', 'JDS Neesham - 2']","Meanwhile, kudos to Sachin Tendulkar ... who told us what would happen way back in May... he can't be a God without being omnipotent!",2019,England
10,47,2019-07-14, Lord's,Final,NZ,ENG,241.0,8.0,241.0,0.0,Match tied (England won on boundary count),Ben Stokes,"['BA Stokes - 84 runs ', 'JC Buttler - 59 runs ']","['CR Woakes - 3', 'LE Plunkett - 3']","And what of New Zealand? They've been through more close games than any other team in this tournament, and until today they'd been finishing on the right end of those results. Against Bangladesh, South Africa, West Indies, India - have I missed any? Today, in the closest finish imaginable - tied match, tied Super Over, losing on boundary count - they've come out on the wrong side. It's going to take a while for them to get this out of their systems.",2019,England
12,18,2019-06-14, Southampton,League-Match,WI,ENG,212.0,0.0,213.0,2.0,England won by 8 wickets (with 101 balls remaining),Joe Root,"['JE Root - 100 runs ', 'N Pooran - 63 runs ']","['MA Wood - 3', 'JC Archer - 3']","Jason Holder tells Nasser: ""I don't think we put enough runs on the board. We needed one or two more partnerships. The toss was very crucial, but we did a pretty decent job in the Powerplay. Our batsmen need to take a bit more ownership in the middle overs. One or two curious shots, and batters got out at crucial stages. it's happened twice in two games, and we really need to look at that. (On short bowling) We probably didn't read the pace of the pitch. Having said that, defending 213 wasn't easy. (Fitness) We've been carrying some niggles in recent weeks, and we need to take care of that. There's no point looking back. We can only control the future.""",2019,England
13,45,2019-07-09, Manchester,League-Match,NZ,IND,239.0,8.0,221.0,0.0,New Zealand won by 18 runs,Matt Henry,"['RA Jadeja - 77 runs ', 'LRPL Taylor - 74 runs ']","['MJ Henry - 3', 'B Kumar - 3']","Ragha: ""It feels impossible to control my tears. Not sure how a simple game can impact you so much. Feels worse than a break-up. Love all the way to Team India. You guys were fabulous. """,2019,England
14,7,2019-06-05, Southampton,League-Match,SA,IND,227.0,9.0,230.0,4.0,India won by 6 wickets (with 15 balls remaining),Rohit Sharma,"['RG Sharma - 122 runs ', 'CH Morris - 42 runs ']","['YS Chahal - 4', 'JJ Bumrah - 2']","[On decision to bat]: Had we had Steyn and Ngidi, it may have made sense to bat first. Rabada is a champion, haven't seen so many balls lands short of go here and there. But that's how the game goes, when you aren't playing your best cricket, these 50-50 things don't go your way. Morris too was superb, bowled well and scored some crucial runs with the bat. Ours is a change room that is hurting, trying to make sure we keep fighting but we're making mistakes all the time. Today someone had to bat through, we didn't do that. To have so many 30s and 40s is not unacceptable""",2019,England
15,19,2019-06-15, The Oval,League-Match,AUS,SL,334.0,7.0,247.0,0.0,Australia won by 87 runs,Aaron Finch,"['AJ Finch - 153 runs ', 'FDM Karunaratne - 97 runs ']","['MA Starc - 4', 'KW Richardson - 3']","Dimuth Karunaratne: ""Finch and Smith batted well, but we came back strongly. Lost key moments in the chase. Started well, but the middle order couldn't capitalise. They had to handle pressure and keep the momentum going. Starc, Cummins are world class, we knew what they could do, had to keep a plan but we didn't. We lost couple of games to the rain, now need to win a couple of games. We came here to play well, we want to play it one game at a time.""",2019,England
18,46,2019-07-11, Birmingham,League-Match,AUS,ENG,223.0,0.0,226.0,2.0,England won by 8 wickets (with 107 balls remaining),Chris Woakes,"['JJ Roy - 85 runs ', 'SPD Smith - 85 runs ']","['CR Woakes - 3', 'AU Rashid - 3']","5.15pm: We are going to see a new name on cup... Australia's reign is over, defeated in a World Cup semi-final for the first time. New Zealand await, but England will celebrate for now - in fact there are fireworks going off at Edgbaston. I wonder if they would have been used for an Australia win? It's actually started chucking it down, but nothing can rain on England's parade; they've won a World Cup knockout game for the first time since 1992, the tournament which also marked their last appearance in the final.",2019,England
19,0,2019-05-30, The Oval,League-Match,ENG,SA,311.0,8.0,207.0,0.0,England won by 104 runs,Ben Stokes,"['BA Stokes - 89 runs ', 'Q de Kock - 68 runs ']","['JC Archer - 3', 'L Ngidi - 3']","5.56pm Jofra Archer is having a chat with Sky, and admits that he was running in with a bit of extra adrenalin today. There's a different atmosphere around a World Cup match, as I think everyone at The Oval today can attest ...",2019,England
20,16,2019-06-12, Taunton,League-Match,AUS,PAK,307.0,0.0,266.0,0.0,Australia won by 41 runs,David Warner,"['DA Warner - 107 runs ', 'AJ Finch - 82 runs ']","['Mohammad Amir - 5', 'PJ Cummins - 3']","6.10pm: Presentations time, Sarfaraz Ahmed first up: ""Definitely, the batting was short and that's why we lost the match, Hasan batted well, Wahab batted well, we fought but could not win. We conceded too many runs first 20 overs, except for Amir the other bowlers did not bowl well, 270-80 was [par]. If we want to win, the fop four have to make runs. Imam made fifty, Babar made 30, but the top four must score runs. [Next game v India?] We will try our level best.""",2019,England
23,37,2019-06-30, Birmingham,League-Match,ENG,IND,337.0,7.0,306.0,5.0,England won by 31 runs,Jonny Bairstow,"['JM Bairstow - 111 runs ', 'RG Sharma - 102 runs ']","['Mohammed Shami - 5', 'LE Plunkett - 3']","Morgan: ""It didn't really bother me to be honest, I was quite happy sitting back. But our bowlers bowled really well.""",2019,England
24,43,2019-07-06, Leeds,League-Match,SL,IND,264.0,7.0,265.0,3.0,India won by 7 wickets (with 39 balls remaining),Rohit Sharma,"['AD Mathews - 113 runs ', 'KL Rahul - 111 runs ']","['JJ Bumrah - 3', 'RA Jadeja - 1']","Hardik Pandya's bowling: ""He's really motivated for this tournament, hes thinking like a batsman, which helps, it's amazing to have a cricketer like that who can bring so much to the table.""",2019,England
26,47,2019-07-14, Lord's,Final,NZ,ENG,241.0,8.0,241.0,0.0,Match tied (England won on boundary count),Ben Stokes,"['BA Stokes - 84 runs ', 'JC Buttler - 59 runs ']","['CR Woakes - 3', 'LE Plunkett - 3']","And what of New Zealand? They've been through more close games than any other team in this tournament, and until today they'd been finishing on the right end of those results. Against Bangladesh, South Africa, West Indies, India - have I missed any? Today, in the closest finish imaginable - tied match, tied Super Over, losing on boundary count - they've come out on the wrong side. It's going to take a while for them to get this out of their systems.",2019,England
27,32,2019-06-26, Birmingham,League-Match,NZ,PAK,237.0,6.0,241.0,4.0,Pakistan won by 6 wickets (with 5 balls remaining),Babar Azam,"['Babar Azam - 101 runs ', 'JDS Neesham - 97 runs ']","['Shaheen Shah Afridi - 3', 'Shadab Khan - 1']","Babar: This is my best innings. the wicket was difficult and turned a lot in the second half. The plan was to go through to the end and give my 100%. When we started, the plan was to see out Ferguson. But when Santner came on, the plan became not to give wickets to him and cover up later when the fast bowlers come on. The fans support us here in Birmingham, it's great.",2019,England
33,2,2019-06-01, Cardiff,League-Match,SL,NZ,136.0,0.0,137.0,0.0,New Zealand won by 10 wickets (with 203 balls remaining),Matt Henry,"['MJ Guptill - 73 runs ', 'C Munro - 58 runs ']","['LH Ferguson - 3', 'MJ Henry - 3']","Kane Williamson: ""Great start, superb from the bowlers. I don't think there's a problem occasionally playing on such pitches. There was something on offer but it was slowish movement, if you were old school, who knows, you could've scored a few more. We were fortunate to get some early wickets. There's some variety in our attack, there are different wickets - some high-scoring, some like this, so we need to have balanced attack. We didn't have too many conversations about net-run-rates, those two at the top (Guptill and Munro) are aggressive anyway. Nice that they could go out and play some few shots, Munro played with freedom which was outstanding. It was a good allround performance, focus turns quickly to the next match in a few days time on a different surface.""",2019,England
34,31,2019-06-25, Lord's,League-Match,AUS,ENG,285.0,7.0,221.0,0.0,Australia won by 64 runs,Aaron Finch,"['AJ Finch - 100 runs ', 'BA Stokes - 89 runs ']","['JP Behrendorff - 5', 'MA Starc - 4']","Lakshman Kumar: ""Australia showing how dominant they are when it comes to WC..! England as usual crashing out before the Semis..! South Africa's WC woes continue..! NZ and India's habit of making it to the Semis is on course..! Pakistan's usual dark horse performances are intact..! So after all the hype, normal service has been restored..!! """,2019,England
37,45,2019-07-09, Manchester,League-Match,NZ,IND,239.0,8.0,221.0,0.0,New Zealand won by 18 runs,Matt Henry,"['RA Jadeja - 77 runs ', 'LRPL Taylor - 74 runs ']","['MJ Henry - 3', 'B Kumar - 3']","Ragha: ""It feels impossible to control my tears. Not sure how a simple game can impact you so much. Feels worse than a break-up. Love all the way to Team India. You guys were fabulous. """,2019,England
38,13,2019-06-09, The Oval,League-Match,IND,AUS,352.0,5.0,316.0,0.0,India won by 36 runs,Shikhar Dhawan,"['S Dhawan - 117 runs ', 'V Kohli - 82 runs ']","['B Kumar - 3', 'JJ Bumrah - 3']",That's all we have for you from this game. Hope you enjoyed our coverage as much as we did bringing it to you. This is Deivarayan Muthu signing off on the behalf of Sreshth Shah and Chandon Duorah. Good night and cheers,2019,England
40,24,2019-06-19, Birmingham,League-Match,SA,NZ,241.0,6.0,245.0,6.0,New Zealand won by 4 wickets (with 3 balls remaining),Kane Williamson,"['KS Williamson - 106 runs ', 'HE van der Dussen - 67 runs ']","['CH Morris - 3', 'LH Ferguson - 3']",Trying to get through the tough parts. You know you'll face dot balls out there because it was basically standing up in the surface. So we just had to build partnerships. Neesham and de Grandhomme (60 off 47) scored a bit quicker at the other end so I could just sit in at my end.,2019,England
42,35,2019-06-29, Leeds,League-Match,AFG,PAK,227.0,9.0,230.0,7.0,Pakistan won by 3 wickets (with 2 balls remaining),Imad Wasim,"['Imad Wasim - 49 runs ', 'Babar Azam - 45 runs ']","['Shaheen Shah Afridi - 4', 'Mohammad Nabi - 2']","Gulbadin: ""We fought very well and gave 100% but in the end we missed an opportunity to win the match. But credit goes to Pakistan. Imad played really well and Shadab gave him the strike well. We're playing these kind of teams, so you'll face these situations. But if you win the match... as you saw we lost at the end of the innings. Bad luck for us today, Hamid Hasan was injured. The wicket was slow and turning, credit to Nabi, Mujeeb, Rashid and Sami also. But we missed Hamid. I said at the start of the tournament 30-40 is not enough, you need 60-70 or 100, then you can put a good total. But each batsman, including me, should go one step forward. We are learning a lot, so hopefully we'll do well in the future. Thank you to the tremendous crowd here.""",2019,England
43,38,2019-07-01, Chester-le-Street,League-Match,SL,WI,338.0,6.0,315.0,9.0,Sri Lanka won by 23 runs,Avishka Fernando,"['N Pooran - 118 runs ', 'WIA Fernando - 104 runs ']","['SL Malinga - 3', 'JO Holder - 2']","Jason Holder: ""We have just got to be better. We've let some key moments slip in this World Cup. I thought their score was on par. Fernando batted well - showed us things get easier if you stay in. Pooran was excellent too. I thought we finished our bowling well. But our fielding let us down. That run-out was crucial, Hetmyer's run-out was crucial too. We just want to play the perfect game next time.""",2019,England
44,29,2019-06-23, Lord's,League-Match,PAK,SA,308.0,7.0,259.0,9.0,Pakistan won by 49 runs,Haris Sohail,"['Haris Sohail - 89 runs ', 'Babar Azam - 69 runs ']","['Wahab Riaz - 3', 'Shadab Khan - 3']","Sarfaraz Ahmed: I think it's a complete team performance. Credit to the openers. They played really well. Then Babar took over. And Haris Sohail put in a great performance. We changed the combination in this game. Couple of games earlier, we went with other combination. That's the only thing. Sometimes change is good for the team. Today the way Haris batted, he is hungry to play in the game. He's the main factor, the turning point, the way he batted in the last 15 overs, it was like Jos Buttler. We have to work harder on fielding. Again we dropped so many catches today. All three matches now are very crucial and we have to sort it out. Complete bowling effort. Credit goes to Amir, took early wickets and in the middle overs as well. Shadab was really good in the middle overs as well. Thanks to the fans for their support.",2019,England
45,26,2019-06-21, Leeds,League-Match,SL,ENG,232.0,9.0,212.0,0.0,Sri Lanka won by 20 runs,Lasith Malinga,"['AD Mathews - 85 runs ', 'BA Stokes - 82 runs ']","['SL Malinga - 4', 'DM de Silva - 3']","And though there's no official word on Roy, you can bet that England will be extra desperate to get him back on the park sooner rather than later. His absence (or, more accurately, his ""presence"" in terms of calmness, technique and run-harvesting) at the top of the order has not been adequately replaced.",2019,England
48,39,2019-07-02, Birmingham,League-Match,IND,BAN,314.0,9.0,286.0,0.0,India won by 28 runs,Rohit Sharma,"['RG Sharma - 104 runs ', 'KL Rahul - 77 runs ']","['Mustafizur Rahman - 5', 'JJ Bumrah - 4']","Mashrafe Mortaza: ""This was a good effort, but we had to win this match. (On partnerships) If one of them could have been 80-90, it could have been a different match, but 47-50 is asking a bit much. We could have had a bit more luck, but Shakib Al Hasan has been in superb form, and Mushfiq has batted beautifully. Rohit's catch was obviously disappointing, but those things happen in the field. (On Pakistan game) We have played our best, and fans have been fantastic. Hopefully we will end on a good note.""",2019,England
49,1,2019-05-31, Nottingham,League-Match,PAK,WI,105.0,0.0,108.0,3.0,West Indies won by 7 wickets (with 218 balls remaining),Oshane Thomas,"['CH Gayle - 50 runs ', 'N Pooran - 34 runs ']","['O Thomas - 4', 'Mohammad Amir - 3']","Krish expects the moon and back, but hey, if I was a paying spectator, I too would be disappointed: ""Match is over within 35 over, that's a shame,"" he says. ""Provided people have paid fortune to get WC tickets, why don't the team play a T20 match just to entertain the crowd?""",2019,England
5,37,2023-11-06, Delhi,League-Match,SL,BAN,279.0,0.0,282.0,7.0,Bangladesh won by 3 wickets (with 53 balls remaining),Shakib Al Hasan,"['KIC Asalanka - 108 runs ', 'Najmul Hossain Shanto - 90 runs ']","['D Madushanka - 3', 'Tanzim Hasan Sakib - 3']","Kusal Mendis: ""Charith played a brilliant innings, but we were 30-40 runs short; 320 would have been good enough on this wicket. I'm happy that Pathum, Sadeera and Dilshan are coming through. I think in the future we'll have a very good team which shows promise. We had a couple of injuries, and that was the reason we had so many changes and newcomers. But we also made mistakes; had we played better cricket, we would have a better chance of entering the top four. It's very disappointing. When Mathews came to the crease, there were five seconds left. When he came out, he found out about the strap of the helmet. It was disappointing. We expected him to score runs for us; it's disappointing that the umpires couldn't step in and make good decisions.""",2023,India
6,46,2023-11-16, Eden Gardens,Semi-Final,SA,AUS,212.0,0.0,215.0,7.0,P2 v P3 - Australia won by 3 wickets (with 16 balls remaining),Travis Head,"['DA Miller - 101 runs ', 'TM Head - 62 runs ']","['MA Starc - 3', 'PJ Cummins - 3']","And Australia's Pat Cummins: ""Easier than sitting in the dugout. Nerve-wracking couple of hours but great effort and a great game. We thought it would spin quite a bit. Wasn't expecting Starcy and Josh to bowl so much early. [Lost toss] Bit gloomy, swinging around so wasn't too upset. [Fielding] Something we talk a lot about. Wasn't up to scratch at the start of the tournament. Davey, 37, diving around, incredible. And the big two up front were incredible. [Head] Has this knack of finding a wicket. Been different bowlers chip in through the whole tournament. [Inglis] Played that beautifully. He looked in control against two really good spinners on a tough wicket. The good thing is a few of us have been there for finals before. Got to embrace it, the stadium is going to be packed, pretty one-sided but got to embrace it. The 2015 World Cup was a career highlight, so to be out there in a final in India, can't wait.""",2023,India
7,29,2023-10-30, Pune,League-Match,SL,AFG,241.0,0.0,242.0,3.0,Afghanistan won by 7 wickets (with 28 balls remaining),Fazalhaq Farooqi,"['Azmatullah Omarzai - 73 runs ', 'Rahmat Shah - 62 runs ']","['Fazalhaq Farooqi - 4', 'Mujeeb Ur Rahman - 2']","Fazalhaq Farooqi, Player of the Match: (Rashid Khan translating) It feels pretty good, we have three wins in the tournament, happy to contribute and win the game. I looked for swing early on but didn't get it so then I kept it simple and hit the right areas and that was the plan for the spell and I got success in it. We struggled in the past in the last overs...gave away too many runs but we bowled with variations today and the hard work in net sessions helped, couple of days rest also worked in our favour. We tried to bowl as many variations as possible. Thank you",2023,India
8,42,2023-11-11, Pune,League-Match,BAN,AUS,306.0,8.0,307.0,2.0,Australia won by 8 wickets (with 32 balls remaining),Mitchell Marsh,"['MR Marsh - 177 runs ', 'Towhid Hridoy - 74 runs ']","['A Zampa - 2', 'SA Abbott - 2']","Srihari: ""Marsh's innings reminds me of a certain Watto innings against Bang too"" -- Till Tuesday, that was, in fact, the highest individual score by an Australia men's batter in ODI cricket",2023,India
9,36,2023-11-05, Eden Gardens,League-Match,IND,SA,326.0,5.0,83.0,0.0,India won by 243 runs,Virat Kohli,"['V Kohli - 101 runs ', 'SS Iyer - 77 runs ']","['RA Jadeja - 5', 'Kuldeep Yadav - 2']","Rohit Sharma, India captain: If we look at how we played in the last three games, we played better in terms of adapting to the situation. We were put under pressure against England. In the last game as well, we lost a wicket in the first over but got to a good score and seamers came to the party. Today was not an easy pitch, you needed someone like Kohli, who batted to the situation. Not to forget Shreyas. It's important to let guys have freedom in the middle and what the team expects from them. You know it can't always be done but when it does it looks good and that's what happened with Shami. Same with Iyer, wasn't getting the runs but he's showed in the last two games the kind of class he has. Going hard in the first ten isn't something we've discussed. That's how Gill and I have batted together. We let our instincts take over. If the wicket is good, we keep going and things fall in place. Jadeja has been really good. Big matchwinner. He keeps doing the job, goes under the radar but today is a classic case of what he does - score late runs and take wickets. Not to get ahead of ourselves is something we are constantly talking about. When we turn up, we want to play to our potential.",2023,India
15,2,2023-10-07, Dharamsala,League-Match,AFG,BAN,156.0,0.0,158.0,4.0,Bangladesh won by 6 wickets (with 92 balls remaining),Mehidy Hasan Miraz,"['Najmul Hossain Shanto - 59 runs ', 'Mehidy Hasan Miraz - 57 runs ']","['Mehidy Hasan Miraz - 3', 'Shakib Al Hasan - 3']",Mehidy Hasan: It's a great moment for me. I did a lot of hard work in the past. The team management deserves credit. I was a little bit cautious in my mind early on while bowling but the captain told me to bowl at the right areas and told me to be consistent and that gave me confidence so credit goes to the captain. (on batting) I go for ball by ball and how to get better on this surface. The wicket was turning a little bit but I tried to stay (on the crease). I always play at number 8 so it was a great opportunity to bat in the top order. I always have the hungriness so definitely it's a great moment for me to perform.,2023,India
16,22,2023-10-24, Wankhede,League-Match,SA,BAN,382.0,5.0,233.0,0.0,South Africa won by 149 runs,Quinton de Kock,"['Q de Kock - 174 runs ', 'Mahmudullah - 111 runs ']","['G Coetzee - 3', 'K Rabada - 2']","Quinton de Kock is Player of the Match for his 174 off 140: ""I was a bit more tired than satisfied. Great day out, everyone played their part. Nice to get points on the board. [Change of WC fortunes?] Not too sure, first time inexperience... it's just happening, I guess. [150th cap] I was a bit nervous this morning, don't normally get nervous at all. Had a bit of fun, great to get two points. [Klaasen] Been amazing, I need some of the juice he's having. He's been special, for every team he's played for. Taking the tournament by storm.""",2023,India
17,33,2023-11-03, Lucknow,League-Match,NED,AFG,179.0,0.0,181.0,3.0,Afghanistan won by 7 wickets (with 111 balls remaining),Mohammad Nabi,"['SA Engelbrecht - 58 runs ', 'Hashmatullah Shahidi - 56 runs ']","['Mohammad Nabi - 3', 'Noor Ahmad - 2']","Mohammad Nabi, Player of the Match: (On how well he is bowling) Just focussing on my lines and lengths. Focussing on dot balls. I always try to concentrate on my lines and lengths, and variations. I try to stick to my plans and use the angles. In some pitches, the variation is more, that is sometimes why I get more wickets. I focus on dot balls and that is how I control my economy rate. (On what keeps him going) Still working on my fitness, working on my rehab, proper diets. It is working (smiles).",2023,India
18,31,2023-11-01, Pune,League-Match,SA,NZ,357.0,4.0,167.0,0.0,South Africa won by 190 runs,Rassie van der Dussen,"['HE van der Dussen - 133 runs ', 'Q de Kock - 114 runs ']","['KA Maharaj - 4', 'M Jansen - 3']","Temba Bavuma: Clinical display with bat. Handled the challenge with the ball nipping around. We applied pressure with the ball. We tried to pounce on bad balls, Quinny started slowly, hung in there and cashed in at the end. More than the score, we were trying to stay in till 30 and go big later on. We were always looking to dominate with the new ball and middle overs. Knew they'd come hard at us and we'd get opportunities. Gotta hear the permutations about making the semi. After tomorrow, it's back to business, gotta prepare for the next game.",2023,India
20,47,2023-11-19, Ahmedabad,Final,IND,AUS,240.0,0.0,241.0,4.0,Australia won by 6 wickets (with 42 balls remaining),Travis Head,"['TM Head - 137 runs ', 'KL Rahul - 66 runs ']","['MA Starc - 3', 'PJ Cummins - 2']","Cummins: I think we saved our best for the last. A couple of big-match players stepped up and chuffed. Today we thought it was a good night to chase and thought it would be easier to chase. The pitch was slower than I thought and didn't particularly spin and we bowled tight lines. On a slow wicket with variable bounce, we had a couple of catchers on the leg side and made a couple of decisions. Desperate for sure. The boys were fantastic against South Africa. We have an ageing side but everyone throws themselves around. Chuffed with keeping them to 240 - anything under 300 really. I was one of those blokes with the hearts fluttering but Head takes the game on, Marnus... I think the selectors backed him even when he had a broken hand. It's a big risk and it paid off. How fun is he to watch? It was awesome to play and the passion in India is unrivaled. You just got to go and win a World Cup. You can't wait for it. It was a shift after two games. The openers were really aggressive and it was a total buy-in from everyone. We will remember this year for a long, long time. This pips it all.",2023,India
21,16,2023-10-19, Pune,League-Match,BAN,IND,256.0,8.0,261.0,3.0,India won by 7 wickets (with 51 balls remaining),Virat Kohli,"['V Kohli - 103 runs ', 'Litton Das - 66 runs ']","['RA Jadeja - 2', 'JJ Bumrah - 2']","Virat Kohli, Player of the Match: Sorry for stealing it (the player of the Match award) from Jaddu. I wanted to make a big contribution. Have made fifties in World Cups, wanted to finish it off this time. (Free hits to start off) I was telling Shubman that even if you dream about this situation, you go back to sleep. It was a dream start. It just calms you down. The pitch was good, allowed me to play my game - hit the gaps and find the boundaries whenever I could. Great atmosphere in the dressing room. The spirit is there for everyone to see. You need to create some momentum in the changing room to come out and play like this. Special feeling to play in front of such crowds.",2023,India
22,12,2023-10-15, Delhi,League-Match,AFG,ENG,284.0,0.0,215.0,0.0,Afghanistan won by 69 runs,Mujeeb Ur Rahman,"['Rahmanullah Gurbaz - 80 runs ', 'HC Brook - 66 runs ']","['Rashid Khan - 3', 'AU Rashid - 3']","Mujeeb Ur Rahman, Player of the Match: Very proud moment to be here at the World Cup and beating the champions. Great achievement for the whole team and this is the kind of opportunity we have been working hard for. Wonderful performances by the bowlers and the batters. (On his responsibility with the new ball) As a spinner, it is pretty hard to bowl in the powerplay. But I have been working in the nets. There is not much room for error to bowl wide so I have tried to bowl wicket-to-wicket. We knew that dew will play some part and that is why I wanted to bowl in the powerplay. The ball was holding a little bit as well. Even if there was dew, I was mentally prepared. Not to give much room and bowl in the right areas. (On the batting) It is all about the management. They have been giving me confidence. I want to contribute as a lower-order batter as well, and those 25-30 runs helps the team as well. I want to continue doing that. I want to dedicate this award to the people back home, who have been affected by the earthquake. This is something we could do as a team and I could do myself as a player.",2023,India
24,30,2023-10-31, Eden Gardens,League-Match,BAN,PAK,204.0,0.0,205.0,3.0,Pakistan won by 7 wickets (with 105 balls remaining),Fakhar Zaman,"['Fakhar Zaman - 81 runs ', 'Abdullah Shafique - 68 runs ']","['Shaheen Shah Afridi - 3', 'Mohammad Wasim - 3']","Babar Azam: Credit to the boys, the way they played in all three departments. We know how well Fakhar plays when he's going. Good to see him do it. We are trying to win our remaining matches and see where we stand. This win hopefully gives confidence in the coming matches. Shaheen started well with the ball. After 15-20 overs, they built a partnership. But our main bowlers struck. Main thing was our bowlers hit good lengths and took wickets. Thanks to the fans for supporting me and my team.",2023,India
25,25,2023-10-27, Chennai,League-Match,PAK,SA,270.0,0.0,271.0,9.0,South Africa won by 1 wicket (with 16 balls remaining),Tabraiz Shamsi,"['AK Markram - 91 runs ', 'Saud Shakeel - 52 runs ']","['T Shamsi - 4', 'Shaheen Shah Afridi - 3']","Temba Bavuma, South Africa Captain: It's a bit chaos at the moment, guys enjoying it, Guys picking up Shamsi. Nail-biting finish, if you are a South African fan, you are a little bit happier, we haven't done well in chasing, it will be easier to have those conversations now. I think obviously we have a blueprint, batting first, we have shown, we can't say with conviction we have the blueprint while chasing but we will have the conversations. We obviosuly want to show more clinical display with the bat. (Rabada) is good, he is experiencing lower back spasm, I am sure he will come into contention for New Zealand game. Ecstatic for Shamsi, He came in favourable conditions and exploited it and then with the bat I think you've seen Shamsi on social media gloating about his batting, we needed that today and fortunately for us he came through.",2023,India
28,9,2023-10-12, Lucknow,League-Match,SA,AUS,311.0,7.0,177.0,0.0,South Africa won by 134 runs,Quinton de Kock,"['Q de Kock - 109 runs ', 'AK Markram - 56 runs ']","['K Rabada - 3', 'KA Maharaj - 2']","Temba Bavuma ""311 was a couple over par, 290-300 was par, glad to lose to the toss cos things worked out in our favour. I was scratching around so Quinton needs to be credited a lot. I'd be really greedy if I said there were areas to improve, a near-perfect game with the bat, and with the ball, looking at all the phases, the guys dominated and showed their skills. Got to acknowledge the batting effort, being over-par, and we were clinical with the new ball, then KG following up with intensity, then the spinners. Character is the biggest thing we talk about, and we showed it today. Let's enjoy the individual performances, then come back tomorrow and find ways to get better and better as a team.""",2023,India
30,39,2023-11-08, Pune,League-Match,ENG,NED,339.0,9.0,179.0,0.0,England won by 160 runs,Ben Stokes,"['BA Stokes - 108 runs ', 'DJ Malan - 87 runs ']","['MM Ali - 3', 'AU Rashid - 3']","Zaid: ""congrats to England but this is really worrying as a Pakistani fan""",2023,India
32,4,2023-10-08, Chennai,League-Match,AUS,IND,199.0,0.0,201.0,4.0,India won by 6 wickets (with 52 balls remaining),KL Rahul,"['KL Rahul - 97 runs ', 'V Kohli - 85 runs ']","['RA Jadeja - 3', 'JR Hazlewood - 3']","That is all from Chepauk, ladies and gentlemen. A topsy-turvy ODI that will go down as one of India's better wins. Australia have a lot to think about. See you tomorrow for more ODI World Cup action.",2023,India
33,10,2023-10-13, Chennai,League-Match,BAN,NZ,245.0,9.0,248.0,2.0,New Zealand won by 8 wickets (with 43 balls remaining),Lockie Ferguson,"['DJ Mitchell - 89 runs ', 'KS Williamson - 78 runs ']","['LH Ferguson - 3', 'TA Boult - 2']","Time to hear from the captains. First up it's Najmul Shanto in place of the injured Shakib Al Hasan: ""Shakib has gone for a scan after that we'll know more. We didn't bat well, same as the last match. We need to improve in the first 15 overs. There was a bit of extra bounce with the new ball but after that the wicket was quite. The top order needs to bat more responsibly. It was a good wicket, so we just needed to be a bit more responsible at the start. Last match we didn't bowl well but today everyone showed their character. If they continue like this it will be very good going forward. The biggest improvement is our fast bowling, if we bat well in the next few games it will be a different ball game.""",2023,India
34,28,2023-10-29, Lucknow,League-Match,IND,ENG,229.0,9.0,129.0,0.0,India won by 100 runs,Rohit Sharma,"['RG Sharma - 87 runs ', 'SA Yadav - 49 runs ']","['Mohammed Shami - 4', 'DJ Willey - 3']","So, India stay unbeaten - six wins in as many games now. And they have regained the top spot as well. England, meanwhile, stay rooted to the bottom. That's all from our side for this game. See you tomorrow.",2023,India
36,24,2023-10-26, Bengaluru,League-Match,ENG,SL,156.0,0.0,160.0,2.0,Sri Lanka won by 8 wickets (with 146 balls remaining),Lahiru Kumara,"['P Nissanka - 77 runs ', 'S Samarawickrama - 65 runs ']","['CBRLS Kumara - 3', 'AD Mathews - 2']","Jos Buttler: ""It's been an incredibly tough and incredibly disappointing tournament. Disappointed in myself and all the boys that we haven't shown a good account of ourselves. There's no clear answer at the moment [as to why that's the case]. Can't really fault the boys efforts but we're playing a long way short of our best. It starts from the front, as Captain you want to lead from the front and play well and I've been a long way short of my best. [Confidence drained away?] Not really to be honest, there are a lot of experienced cricketers in the room, who've been through a lot - confident people. You don't become a bad player overnight, you don't become a bad team over night. I think that's probably the biggest frustration, that we've been so far short of our best, and for no obvious reason. Just can't put my finger on it at the moment. [uncertainty over strategy?] Selection is something you want to be consistent, build that trust. But selection isn't a problem at the moment, performance is. Whoever has been on the field so far has been short of the standards we set ourselves. The kind of mistakes we're all making, you don't see that usually. We haven't been doing the basic things well. [What to cling to?] The biggest thing is personal pride, whatever happens in the rest of the tournament we want to give a good account of ourselves going forward..""",2023,India
38,17,2023-10-20, Bengaluru,League-Match,AUS,PAK,367.0,9.0,305.0,0.0,Australia won by 62 runs,David Warner,"['DA Warner - 163 runs ', 'MR Marsh - 121 runs ']","['Shaheen Shah Afridi - 5', 'A Zampa - 4']","Shalabh: ""Historically ODIs have rarely been close contested. Maybe it is perpetual T20 hangover which forces to expect close contest every time.""",2023,India
39,13,2023-10-16, Lucknow,League-Match,SL,AUS,209.0,0.0,215.0,5.0,Australia won by 5 wickets (with 88 balls remaining),Adam Zampa,"['MDKJ Perera - 78 runs ', 'P Nissanka - 61 runs ']","['A Zampa - 4', 'D Madushanka - 3']","Cummins: Yeah, happy today. It was probably that nothing was said and it was just on the back of two losses...The energy in the field was nice to start with and everything else flowed. Again, they started really well but the way all the bowlers came in, hit the wicket, and did their job, it was a great effort. I can't read these wickets. About 300 [would've been par] maybe. Outside noise doesn't bother us too much. I hope so, all parts of the game came together at the end. We're sort of underway in the tournament and hope we keep it up.",2023,India
40,21,2023-10-23, Chennai,League-Match,PAK,AFG,282.0,7.0,286.0,2.0,Afghanistan won by 8 wickets (with 6 balls remaining),Ibrahim Zadran,"['Ibrahim Zadran - 87 runs ', 'Rahmat Shah - 77 runs ']","['Noor Ahmad - 3', 'Naveen-ul-Haq - 2']","Nishant: ""Babar looks shocked and short of words""",2023,India
42,5,2023-10-09, Hyderabad,League-Match,NZ,NED,322.0,7.0,223.0,0.0,New Zealand won by 99 runs,Mitchell Santner,"['WA Young - 70 runs ', 'CN Ackermann - 69 runs ']","['MJ Santner - 5', 'MJ Henry - 3']","Scott Edwards: New Zealand have got a quality bowling attack. You are not going to chase down 320 with 40s and 50s...we needed to bigger partnerships. We will speak about that with the boys. There's definitely going to be some positives; we need to rectify our errors in the next seven games. For us, it's another game and we'll play our best game and try to win (on next game)",2023,India
46,40,2023-11-09, Bengaluru,League-Match,SL,NZ,171.0,0.0,172.0,5.0,New Zealand won by 5 wickets (with 160 balls remaining),Trent Boult,"['MDKJ Perera - 51 runs ', 'DP Conway - 45 runs ']","['TA Boult - 3', 'MJ Santner - 2']",8:03pm Time to hear from the captains.,2023,India
47,1,2023-10-06, Hyderabad,League-Match,PAK,NED,286.0,0.0,205.0,0.0,Pakistan won by 81 runs,Saud Shakeel,"['Saud Shakeel - 68 runs ', 'Mohammad Rizwan - 68 runs ']","['BFW de Leede - 4', 'Haris Rauf - 3']","Scott Edwards, Netherlands captain: It's a bit disappointing. Firstly, we bowled and fielded well. We thought they were par. We thought we had a good chance at 2 for 120. Probably a bit of instinct. So many of our bats bowl spin. De Leede is a quality cricket in all three departments. His innings was awesome, just needed someone to be with him. Not spoken to van Beek, need to see where he's at. This is a game that got away. We know they have quality bowlers but they took wickets which held us back.",2023,India
49,6,2023-10-10, Dharamsala,League-Match,ENG,BAN,364.0,9.0,227.0,0.0,England won by 137 runs,Dawid Malan,"['DJ Malan - 140 runs ', 'JE Root - 82 runs ']","['RJW Topley - 4', 'Mahedi Hasan - 4']","Afeef: ""Eng have a positive NRR now. That's good, they've neutralised the thumping they got in the previous match.""",2023,India
